<?xml version="1.1" encoding="UTF-8" standalone="yes"?>
<addon id="plugin.video.hydro"
       name="[B][COLOR purple]HydroGEN[/COLOR][/B]"
       version="1.1.8"
       provider-name="[B][COLOR purple]EOS[/COLOR][/B]">
  <requires>
    <import addon="xbmc.python" version="2.1.0"/>
	<import addon="script.module.requests" />
  </requires>
  <extension point="xbmc.python.pluginsource"
            library="default.py">
        <provides>video</provides>
  </extension>
  <extension point="xbmc.addon.metadata">
    <summary lang="en">HydroGEN</summary>
    <language>en</language>
    <description lang="en">Get all your Official Live TV HERE</description>
     <platform>all</platform>
  </extension>
</addon>
