<?xml version="1.0" encoding="UTF-8" standalone="yes"?>
<addon id="repository.hydr0gen" name="Hydr0GEN Repo" version="1.0.1" provider-name="Hydra">
    <extension point="xbmc.addon.repository" name="Hydr0GEN Repo">
        <info compressed="false">https://github.com/Hydrateammaster/repo.hydr0GEN/addons.xml</info>
        <checksum>https://github.com/Hydrateammaster/repo.hydr0GEN/addons.xml.md5</checksum>
        <datadir zip="true">https://github.com/Hydrateammaster/repo.hydr0GEN</datadir>
    </extension>
    <extension point="xbmc.addon.metadata">
        <summary>Hydr0GEN</summary>
        <description>Get all your Official Live TV HERE!</description>
        <platform>all</platform>
    </extension>
</addon>